repository	url	commit	commit_date	scan_path	generation_plan
hypopg	https://github.com/HypoPG/hypopg.git	21d5461ad1868434cc47d9aa656d7afc2b24c464	2026-06-20	.	-
pg_cron	https://github.com/citusdata/pg_cron.git	16618e69cb38f69abd6512b90e8c742010582e0e	2026-07-21	.	-
pg_net	https://github.com/supabase/pg_net.git	a8299b11182ea5c974f5e89ae83e70e9e44e9e8f	2026-07-09	.	-
pg_partman	https://github.com/pgpartman/pg_partman.git	0e22336185b42fbd036e2d72b3f52e25ced07498	2026-07-26	.	plans/pg_partman.json
pg_tle	https://github.com/aws/pg_tle.git	92f908bc77f0a2a92577f8308c72af2acde13f86	2026-06-22	.	plans/pg_tle.json
pgaudit	https://github.com/pgaudit/pgaudit.git	f4563a68c72b434eec9ea1b1230ec241aa7d55ae	2026-07-21	.	-
pgmq	https://github.com/pgmq/pgmq.git	fde87d8fb83f0d57fa28aedc2b24e60e064add39	2026-07-24	pgmq-extension	plans/pgmq.json
pgvector	https://github.com/pgvector/pgvector.git	a6420355c5d1c08f4c5fbd5112fc17e4cf3b5eb5	2026-07-10	.	plans/pgvector.json
timescaledb	https://github.com/timescale/timescaledb.git	77d9d3281ce1265209eb1c39c8a7c04067786213	2026-07-24	.	-
